,party,infants,water,budget,physician,salvador,religious,satellite,aid,missile,immigration,synfuels,education,superfund,crime,duty_free_exports,eaa_rsa
0,republican,no,positive,no,positive,Yes,Yes,negative,No,No,Yes,nah,yep,yeah,yep,nah,Yes
1,republican,negative,yeah,nah,Yes,yeah,yes,no,negative,No,Nope,nah,yeah,Yes,Yes,no,positive
2,democrat,no,yep,positive,no,Yes,positive,negative,no,nah,negative,yep,No,yep,yep,No,Nope
3,democrat,negative,positive,Yes,No,Yes,positive,Nope,no,No,Nope,positive,negative,yes,no,Nope,Yes
4,democrat,yes,positive,yes,no,yep,Yes,no,,Nope,nah,yep,No,positive,positive,Yes,positive
5,democrat,Nope,positive,yes,Nope,Yes,yep,Nope,negative,Nope,nah,negative,no,Yes,Yes,Yes,Yes
6,democrat,no,Yes,negative,yeah,yeah,positive,nah,Nope,No,no,no,Nope,yes,yes,yep,yep
7,republican,negative,yeah,No,yes,yep,Yes,Nope,No,nah,no,Nope,No,yeah,yep,No,Yes
8,republican,No,Yes,No,yes,yeah,Yes,No,No,negative,no,no,yeah,yeah,yes,nah,positive
9,democrat,yep,yeah,positive,nah,negative,Nope,Yes,positive,yes,negative,no,No,no,Nope,No,Yes
10,republican,No,positive,no,yeah,yeah,Nope,nah,Nope,Nope,nah,No,Nope,positive,yep,no,No
11,republican,no,yeah,No,yeah,yeah,yep,Nope,No,Nope,nah,positive,No,yeah,Yes,nah,Yes
12,democrat,No,positive,positive,Nope,No,Nope,yep,yeah,yeah,nah,negative,nah,Yes,No,nah,positive
13,democrat,positive,yes,yep,Nope,Nope,Yes,Yes,yeah,yep,yes,yeah,Nope,Nope,negative,positive,yes
14,republican,negative,yes,No,yeah,yes,yeah,nah,nah,Nope,negative,negative,yeah,Yes,positive,,Yes
15,republican,negative,Yes,Nope,yes,positive,yeah,negative,No,no,Yes,Nope,positive,Yes,yes,nah,Yes
16,democrat,positive,Nope,positive,nah,No,yep,No,yes,yes,yeah,yep,Yes,positive,No,No,yep
17,democrat,yes,yep,yep,no,No,No,Yes,yep,positive,negative,nah,Nope,Yes,no,yes,positive
18,republican,no,yeah,Nope,positive,yes,yeah,No,nah,Nope,no,no,negative,positive,yeah,negative,Nope
19,democrat,positive,yes,yes,,No,Nope,yes,yep,yep,No,yep,No,negative,no,,Yes
20,democrat,yes,yep,positive,negative,no,Yes,yeah,positive,nah,Nope,yeah,nah,Nope,no,yep,positive
21,democrat,Yes,Yes,Yes,No,negative,Nope,positive,positive,yep,No,negative,negative,Yes,Yes,yes,yeah
22,democrat,yep,positive,yep,Nope,no,No,yep,yes,Yes,No,No,Nope,no,negative,yeah,yeah
23,democrat,,Yes,yeah,no,negative,negative,yeah,,yep,No,negative,no,Nope,nah,yes,yes
24,democrat,positive,No,yeah,nah,Nope,nah,yep,yeah,yes,nah,nah,negative,negative,No,yeah,yep
25,democrat,positive,no,yeah,negative,Nope,Nope,yeah,yes,yes,yep,negative,Nope,Nope,Nope,yes,yeah
26,democrat,positive,Nope,yeah,negative,nah,negative,yes,yeah,Yes,negative,Yes,nah,Nope,nah,yes,yeah
27,democrat,yeah,positive,positive,no,negative,no,yeah,positive,yeah,negative,yep,nah,No,negative,positive,positive
28,republican,yeah,no,nah,Yes,yep,negative,Yes,yes,yes,,nah,Yes,Yes,yeah,nah,Yes
29,democrat,yeah,Yes,Yes,No,no,no,yep,Yes,positive,No,yeah,No,No,Nope,yep,yep
30,republican,No,yep,no,yep,positive,positive,No,no,no,nah,No,yep,yep,yep,,no
31,democrat,yep,positive,yes,negative,no,negative,positive,yeah,Yes,No,Yes,no,no,nah,positive,yeah
32,democrat,Yes,yes,yeah,No,nah,No,yeah,positive,yes,Yes,negative,nah,yep,nah,yeah,positive
33,republican,no,yep,negative,yeah,Yes,yeah,no,negative,nah,No,Nope,positive,yeah,yeah,No,yeah
34,democrat,positive,positive,yes,nah,nah,nah,yes,positive,positive,Nope,negative,no,nah,nah,yeah,positive
35,republican,Nope,positive,Nope,yes,positive,yes,Nope,no,nah,Nope,no,yep,yeah,yeah,nah,No
36,republican,positive,Yes,No,positive,positive,positive,no,No,No,Yes,No,yep,yep,positive,Nope,Yes
37,republican,Yes,yes,nah,Yes,positive,Yes,No,Nope,no,No,nah,No,yes,yes,negative,yes
38,republican,nah,positive,nah,,yeah,Yes,nah,No,Nope,Yes,negative,positive,yep,yes,Nope,nah
39,democrat,yeah,nah,yep,No,Nope,no,yep,positive,yeah,Yes,yeah,Nope,yes,Nope,yes,yeah
40,democrat,positive,yep,Yes,,nah,No,yes,positive,positive,Nope,negative,No,no,negative,no,Yes
41,democrat,Yes,positive,yeah,negative,Nope,No,Yes,yep,yep,No,Nope,nah,negative,negative,Yes,yes
42,democrat,yes,nah,yep,No,nah,no,Yes,yes,yes,Nope,Nope,Nope,no,negative,negative,Yes
43,democrat,yes,no,Yes,Nope,negative,nah,yeah,yeah,Yes,Nope,No,no,negative,negative,positive,yeah
44,democrat,yeah,yep,yep,No,no,negative,yeah,positive,yes,No,Yes,negative,negative,Nope,Nope,yeah
45,democrat,Yes,yeah,positive,Nope,Nope,negative,yes,yep,yes,no,Yes,No,nah,No,Yes,positive
46,democrat,positive,positive,yeah,nah,no,negative,Yes,positive,Yes,nah,nah,negative,no,nah,No,yes
47,democrat,Yes,No,positive,nah,No,no,yes,Yes,yes,No,negative,no,No,nah,Nope,positive
48,democrat,Yes,yes,yes,negative,negative,no,yes,Yes,negative,negative,no,nah,no,yep,Nope,yep
49,republican,No,positive,Nope,yeah,Yes,yep,No,Nope,Nope,Nope,No,yes,yes,yep,No,no
50,democrat,positive,yep,yes,negative,negative,negative,yep,Yes,positive,Nope,positive,negative,nah,No,yes,positive
51,republican,no,positive,negative,yes,yes,Yes,negative,yep,No,negative,negative,yep,Yes,yeah,nah,yep
52,democrat,Yes,yes,positive,No,negative,nah,Yes,yep,yes,negative,No,nah,nah,No,negative,Yes
53,republican,,yes,No,yes,yes,yeah,No,Nope,negative,yeah,No,Yes,yep,yeah,No,nah
54,democrat,yeah,,Yes,negative,No,yes,positive,positive,nah,negative,yes,positive,nah,yes,nah,yes
55,republican,No,yep,Nope,Yes,yeah,Yes,nah,nah,negative,Yes,positive,yeah,Yes,Yes,Nope,No
56,republican,nah,yeah,No,yes,yes,Yes,nah,Nope,nah,yeah,yep,positive,Yes,yeah,no,yep
57,republican,negative,yeah,no,Yes,yes,yes,negative,nah,no,yep,negative,Yes,yes,yeah,no,yeah
58,republican,Nope,positive,Nope,yep,Yes,yep,negative,nah,negative,Yes,Nope,Yes,yeah,Yes,No,Yes
59,republican,no,yes,Nope,yep,yes,yeah,Nope,Nope,nah,,No,yes,Yes,Yes,Nope,positive
60,democrat,Yes,yep,yeah,no,nah,yeah,yes,yep,yeah,yep,negative,No,negative,Nope,Yes,positive
61,republican,no,positive,No,yeah,positive,yep,Nope,negative,nah,No,negative,Yes,yes,yeah,negative,No
62,democrat,yes,yeah,positive,negative,negative,no,yep,Yes,yeah,nah,Nope,Nope,nah,No,No,Yes
63,democrat,yes,Yes,yes,negative,nah,No,yeah,Yes,Yes,No,yes,Nope,no,Nope,negative,positive
64,democrat,yeah,Yes,yeah,No,Nope,negative,Yes,positive,Yes,nah,yep,negative,no,nah,nah,Yes
65,republican,yeah,yes,no,positive,Yes,yes,positive,negative,no,Nope,Nope,Yes,Yes,positive,negative,Yes
66,republican,negative,positive,No,yeah,yep,yeah,yeah,negative,No,negative,Yes,yes,yep,Yes,Nope,yes
67,republican,no,positive,Nope,Yes,Yes,Yes,No,no,Nope,yes,negative,yep,positive,positive,nah,No
68,democrat,yeah,yep,yeah,no,Nope,negative,yes,yes,positive,no,Nope,nah,yes,nah,Yes,yes
69,democrat,yep,yeah,yep,no,Nope,negative,positive,Yes,yeah,nah,nah,no,no,Nope,yeah,Yes
70,democrat,yes,No,positive,negative,Nope,nah,positive,yeah,yes,nah,Nope,negative,yep,Nope,yes,yes
71,republican,Yes,yep,yep,positive,no,negative,yeah,Yes,yes,yep,Yes,No,Nope,yes,no,yeah
72,democrat,yeah,positive,yep,No,nah,Nope,yep,yes,yeah,no,yeah,nah,No,negative,yep,Yes
73,republican,positive,,yep,Yes,yeah,negative,yep,no,yep,yeah,nah,no,yeah,yes,nah,yeah
74,democrat,yep,negative,Yes,nah,Nope,yeah,yeah,yes,Yes,yep,yes,negative,no,yep,positive,yeah
75,democrat,nah,yeah,yeah,positive,Yes,positive,No,negative,No,positive,yeah,No,yep,positive,negative,nah
76,democrat,no,Yes,positive,negative,positive,yes,negative,No,no,yes,positive,positive,yes,yep,nah,yes
77,democrat,negative,Yes,yes,yep,yep,yeah,nah,yep,yep,yep,yep,yes,yeah,yeah,no,Yes
78,democrat,,yep,yeah,no,positive,yes,No,nah,nah,positive,yes,No,yeah,yes,nah,yes
79,republican,negative,no,negative,yeah,yes,no,No,No,No,Yes,Nope,Yes,yes,yep,Nope,nah
80,democrat,yeah,no,yeah,nah,no,yes,positive,yep,yes,yep,Nope,yeah,no,Yes,Nope,positive
81,democrat,Yes,no,yep,negative,No,nah,Yes,yep,Yes,positive,yeah,Yes,nah,yeah,no,yep
82,republican,Nope,negative,nah,Yes,yes,Yes,negative,nah,Nope,positive,no,yeah,Yes,yeah,,Yes
83,republican,no,negative,nah,yes,yep,yeah,No,Nope,negative,no,nah,yeah,Yes,Yes,No,nah
84,republican,Nope,yes,Nope,yes,yes,positive,no,No,negative,positive,nah,positive,yes,Yes,no,no
85,democrat,Nope,no,yes,No,yep,yeah,Nope,negative,no,yes,yes,Yes,Yes,positive,negative,Yes
86,republican,no,negative,negative,yes,Yes,positive,no,negative,No,positive,nah,yep,Yes,positive,Nope,Nope
87,republican,Nope,No,nah,Yes,yeah,yep,negative,negative,negative,negative,Nope,positive,Yes,yeah,Nope,Nope
88,democrat,nah,Yes,yep,Nope,Yes,yeah,yeah,negative,yep,Yes,yep,no,yeah,yeah,Nope,yes
89,republican,Nope,No,negative,Yes,yep,yep,no,nah,Nope,Yes,negative,No,yep,,negative,positive
90,democrat,positive,no,positive,no,No,nah,positive,yes,yeah,yeah,No,No,Nope,nah,yeah,Yes
91,democrat,Yes,no,yes,Nope,negative,Nope,yep,positive,Yes,yes,Yes,no,Nope,nah,yep,Yes
92,democrat,Yes,yep,yep,negative,No,no,positive,yes,negative,Yes,yeah,nah,no,yeah,Yes,Yes
93,democrat,positive,Nope,positive,negative,negative,Nope,Yes,no,yep,Yes,positive,Nope,no,nah,yes,yes
94,democrat,yes,Nope,yes,No,Yes,Yes,nah,No,nah,Nope,Nope,No,no,No,nah,yeah
95,democrat,yep,Nope,positive,nah,yeah,yeah,no,yep,Yes,negative,yeah,negative,positive,yeah,positive,Yes
96,democrat,no,no,yeah,Nope,positive,positive,negative,Nope,no,nah,yep,yes,positive,Yes,,yeah
97,democrat,positive,No,no,no,positive,Yes,Yes,,nah,positive,positive,No,negative,positive,Nope,Yes
98,democrat,Yes,positive,yeah,negative,Nope,yeah,yeah,yes,positive,yeah,no,nah,negative,Nope,nah,yep
99,republican,negative,Nope,Nope,Yes,yep,yes,no,negative,Nope,yeah,nah,positive,positive,yes,No,Nope
100,democrat,positive,no,no,nah,yeah,Yes,no,negative,no,no,positive,yes,negative,yeah,negative,Yes
101,democrat,positive,nah,Yes,negative,positive,yes,yeah,nah,negative,negative,positive,Nope,negative,Yes,nah,yep
102,democrat,Yes,No,yep,negative,yes,yeah,Yes,nah,positive,no,Yes,no,yeah,positive,yeah,yep
103,democrat,Yes,no,negative,Nope,yeah,yeah,yes,nah,yes,No,No,No,negative,positive,No,nah
104,democrat,negative,yeah,Yes,No,negative,yeah,yeah,positive,positive,positive,nah,negative,positive,positive,No,yeah
105,democrat,yep,yeah,yep,nah,nah,No,no,yes,Yes,nah,Yes,Nope,negative,no,Yes,yep
106,republican,nah,yeah,negative,yes,positive,positive,No,Nope,negative,No,No,yep,yep,yeah,No,yes
107,republican,negative,positive,Yes,Nope,Yes,yep,yep,yes,yep,,Nope,Nope,yep,yep,no,positive
108,democrat,yep,yes,yes,No,negative,Nope,yep,positive,yes,no,no,no,nah,no,Yes,yes
109,democrat,yes,yep,yes,negative,negative,Nope,yes,yeah,yeah,negative,Nope,nah,no,nah,yep,yep
110,democrat,nah,negative,Yes,nah,Nope,Nope,yes,yeah,yep,Yes,Nope,Nope,no,Nope,yep,yeah
111,republican,No,yeah,No,yep,yeah,yep,no,negative,negative,yeah,nah,yes,positive,positive,Nope,positive
112,democrat,no,yep,positive,no,nah,yes,yes,yep,No,yeah,no,No,nah,negative,yep,Yes
113,republican,Nope,yes,nah,yes,Yes,positive,negative,nah,No,positive,nah,positive,yeah,positive,nah,No
114,democrat,yep,yeah,Yes,negative,No,no,yes,yep,yep,no,no,negative,nah,negative,yep,yeah
115,democrat,No,yeah,Yes,negative,yeah,yeah,yes,yeah,yeah,positive,no,No,negative,,,positive
116,democrat,yeah,Nope,yep,nah,negative,negative,Yes,yeah,yep,negative,yep,Nope,Nope,No,yeah,positive
117,republican,yes,yep,yeah,yep,Yes,nah,yep,no,nah,negative,Nope,positive,Yes,positive,Nope,Yes
118,democrat,no,positive,yep,no,negative,Nope,No,positive,positive,positive,yeah,Nope,negative,Nope,Yes,yep
119,republican,negative,no,no,Yes,positive,Yes,negative,no,Nope,nah,Nope,yeah,yes,yeah,nah,negative
120,republican,negative,Yes,yep,yeah,yeah,Yes,nah,no,no,Yes,nah,Yes,yes,yeah,nah,yeah
121,republican,Nope,yep,no,yes,Yes,Yes,nah,Nope,no,yes,no,yeah,yep,yeah,no,positive
122,republican,negative,no,no,yeah,yeah,yes,no,negative,No,yep,No,yes,negative,yep,,positive
123,republican,,yeah,negative,Yes,yes,Yes,No,Yes,negative,Nope,negative,yep,Yes,Yes,No,yes
124,democrat,no,yep,Yes,negative,No,Nope,Yes,positive,yes,no,nah,No,Nope,No,yeah,Yes
125,republican,no,yes,No,yes,yep,yep,Nope,No,negative,Yes,No,yep,yes,positive,no,yes
126,republican,No,Yes,Nope,Yes,yeah,yep,negative,negative,negative,Nope,no,yep,positive,positive,No,no
127,democrat,No,yep,yeah,nah,negative,Nope,yeah,yeah,positive,yep,yes,Nope,No,yep,yep,Yes
128,democrat,Nope,yep,yep,nah,no,yep,Nope,Yes,nah,yes,yep,No,negative,no,Yes,yeah
129,democrat,No,yeah,Yes,no,no,No,yeah,positive,yes,No,No,nah,yep,yep,no,yep
130,democrat,yeah,positive,yep,negative,yep,yep,yeah,yeah,positive,Nope,No,no,negative,no,positive,yes
131,democrat,Nope,no,Yes,negative,Nope,yep,no,yeah,yep,Yes,No,no,Nope,yeah,No,positive
132,republican,,no,Nope,yep,yeah,positive,Nope,No,Nope,positive,nah,positive,yes,positive,No,positive
133,republican,negative,no,negative,Yes,positive,yeah,nah,no,Nope,yes,negative,yes,yeah,yes,negative,yep
134,republican,No,No,Nope,yep,positive,positive,No,nah,nah,,nah,Yes,yes,yes,negative,positive
135,republican,no,No,no,positive,yeah,yeah,Nope,,no,positive,Nope,yep,positive,yes,negative,No
136,republican,,Yes,negative,yes,yes,yes,no,Nope,no,positive,Yes,yep,Yes,Nope,negative,Yes
137,democrat,Nope,positive,yeah,Nope,no,Yes,yeah,yep,yes,yep,negative,negative,negative,yeah,yes,yeah
138,democrat,No,nah,yep,negative,negative,Yes,Yes,yeah,yep,yeah,no,Nope,no,yes,No,yeah
139,democrat,Yes,no,yep,negative,No,positive,Yes,Yes,positive,nah,Nope,No,No,nah,Yes,yeah
140,republican,no,nah,Nope,positive,no,nah,positive,positive,positive,positive,nah,Nope,positive,Yes,No,yes
141,republican,negative,No,No,positive,yes,yeah,yeah,yep,yes,yep,negative,yep,yes,yeah,nah,yeah
142,republican,,negative,No,yes,Yes,Yes,Yes,positive,yep,yeah,no,Yes,yes,yep,no,yeah
143,democrat,nah,yes,nah,Nope,No,No,yeah,yes,yep,positive,Yes,nah,No,yeah,Yes,yeah
144,democrat,nah,Yes,negative,nah,nah,positive,Yes,yep,yes,yes,nah,no,no,yep,negative,yep
145,democrat,No,Nope,yep,negative,no,yep,positive,yeah,yeah,yep,Nope,No,nah,yeah,no,positive
146,republican,negative,positive,No,yeah,Yes,yep,nah,no,No,Nope,negative,Yes,yeah,positive,Nope,yes
147,democrat,No,no,negative,nah,no,nah,Yes,positive,Yes,Yes,negative,positive,yeah,yeah,Yes,yep
148,republican,No,,Nope,Yes,yep,Yes,no,negative,negative,yes,yes,Yes,Yes,yeah,Nope,yeah
149,democrat,nah,no,yeah,nah,Nope,No,positive,,positive,yeah,no,nah,yes,nah,yeah,positive
150,republican,yep,Yes,negative,yes,yep,Yes,negative,Nope,negative,positive,No,yeah,yeah,positive,Nope,Yes
151,democrat,yep,yeah,Yes,yep,yes,positive,Nope,No,yep,negative,positive,no,yep,Yes,no,Nope
152,democrat,no,Yes,yep,nah,nah,yes,no,yeah,Yes,Yes,yep,nah,yep,nah,yep,yep
153,democrat,no,negative,yes,no,no,yep,Yes,yeah,yeah,positive,yep,negative,Yes,yeah,Nope,yep
154,republican,no,yeah,negative,positive,yep,Yes,negative,nah,nah,Nope,negative,Yes,yep,Yes,negative,No
155,republican,positive,yes,Nope,,positive,positive,negative,yeah,no,Nope,yes,yes,yeah,positive,no,No
156,republican,positive,yes,no,Yes,yep,Yes,yep,No,nah,no,No,yep,yeah,yeah,negative,negative
157,democrat,negative,yep,positive,nah,no,Yes,no,yes,yeah,no,yeah,nah,yep,yeah,Nope,yeah
158,republican,negative,Yes,Nope,yep,Yes,yes,no,No,negative,Yes,negative,Yes,yeah,yep,No,Nope
159,democrat,negative,Yes,yep,No,yep,positive,yeah,Yes,positive,yes,Yes,No,no,yeah,No,positive
160,democrat,No,positive,No,No,yes,yeah,nah,Nope,nah,Nope,nah,yeah,positive,yes,positive,yep
161,democrat,negative,No,Nope,nah,positive,yes,yep,no,No,No,nah,yep,yep,yes,nah,yeah
162,democrat,Nope,yep,Yes,nah,positive,positive,Yes,Nope,Nope,negative,yes,yeah,yes,positive,Nope,Yes
163,republican,nah,yeah,no,yep,yes,positive,positive,No,Nope,nah,Nope,yep,yep,Yes,No,yes
164,democrat,Yes,yeah,no,no,yeah,yeah,negative,negative,Nope,yeah,yep,yep,yep,yeah,no,yes
165,democrat,Nope,yeah,yes,Nope,nah,yep,yeah,positive,yep,Yes,positive,no,positive,no,yeah,yep
166,republican,yes,negative,positive,Yes,yeah,yeah,yes,yep,negative,Yes,negative,Yes,negative,yes,yeah,positive
167,republican,yeah,No,yep,Yes,yep,yeah,yep,Yes,negative,yep,Yes,yep,no,yes,yeah,positive
168,democrat,Nope,nah,yes,Yes,Yes,Yes,nah,no,Yes,no,Nope,nah,yep,yeah,yes,yeah
169,democrat,yes,,yep,no,Nope,No,positive,positive,positive,yep,yes,Nope,no,yeah,nah,positive
170,democrat,yes,no,yeah,negative,No,negative,yep,yeah,yeah,yeah,negative,negative,No,no,yes,yeah
171,republican,Nope,positive,Nope,yes,Yes,yep,No,negative,no,yep,no,yep,positive,positive,No,Yes
172,democrat,negative,Yes,Yes,Nope,Nope,Nope,Yes,Yes,yep,positive,No,no,positive,no,yeah,yep
173,democrat,negative,No,nah,No,yeah,yep,no,nah,no,yes,yeah,positive,yep,yes,negative,positive
174,democrat,yeah,yeah,yes,Nope,No,nah,yes,yes,yeah,nah,No,negative,nah,no,yep,yeah
175,democrat,no,positive,positive,Nope,no,nah,yep,yeah,yes,yeah,negative,nah,negative,nah,Yes,yep
176,republican,Nope,negative,yeah,positive,no,nah,yeah,,positive,yes,No,nah,No,yep,Yes,yep
177,democrat,negative,nah,positive,no,nah,Nope,yeah,yeah,yes,yeah,positive,Nope,No,no,yep,yes
178,democrat,No,No,positive,no,Nope,Nope,yep,yeah,yeah,yep,Yes,negative,Nope,negative,yeah,yeah
179,democrat,yeah,negative,positive,No,No,No,Yes,yep,yep,yeah,negative,nah,no,Nope,yeah,yep
180,democrat,No,positive,yep,nah,No,No,Yes,yes,Yes,positive,negative,Nope,no,nah,negative,yep
181,democrat,no,no,yeah,Nope,no,no,Yes,yep,positive,yeah,yep,nah,nah,No,positive,yep
182,democrat,yep,yeah,yep,No,Nope,negative,yes,Yes,yeah,nah,nah,no,Nope,no,yep,yep
183,democrat,No,Yes,yeah,No,Yes,Yes,yes,positive,yep,yeah,Nope,negative,Yes,yep,nah,yes
184,democrat,negative,No,yes,Nope,Nope,nah,yes,yeah,Yes,yeah,yep,no,No,no,Yes,Yes
185,democrat,Yes,nah,yep,nah,Nope,Nope,Yes,yeah,positive,yes,No,No,No,negative,Yes,positive
186,democrat,no,yep,Yes,No,negative,nah,yep,yes,yeah,yes,positive,Nope,no,nah,yep,yeah
187,democrat,positive,negative,yep,,nah,negative,positive,yep,positive,nah,no,no,nah,nah,yes,Yes
188,republican,Yes,Yes,No,yes,yep,Yes,positive,yep,negative,No,no,yes,positive,yeah,Nope,yep
189,democrat,positive,Nope,yeah,no,nah,negative,yeah,Yes,yep,Nope,no,no,negative,No,yep,Yes
190,republican,no,yeah,No,positive,Yes,Yes,no,negative,nah,No,No,yes,Yes,positive,Nope,positive
191,republican,no,yep,no,yep,yes,Yes,negative,,No,yep,No,Yes,Yes,yes,negative,yeah
192,democrat,Nope,nah,negative,no,No,yes,yeah,yep,yes,negative,yes,Nope,nah,yeah,positive,yeah
193,democrat,No,Nope,yeah,nah,No,nah,yep,yes,yep,no,nah,negative,nah,No,yep,yes
194,democrat,negative,no,positive,No,nah,yep,Yes,yeah,Yes,yep,yep,Nope,No,No,yes,yep
195,republican,No,Nope,nah,Yes,positive,positive,No,Nope,negative,Nope,No,yes,positive,yes,no,yes
196,democrat,,Nope,Yes,Nope,negative,Yes,yes,yeah,yes,negative,yep,yes,negative,yeah,positive,yep
197,republican,No,yes,yes,positive,yes,yeah,no,Nope,No,yes,negative,no,No,positive,Nope,positive
198,democrat,Nope,Nope,positive,nah,nah,no,yep,yes,yep,yes,yes,No,positive,no,yep,yes
199,democrat,yeah,yep,nah,Nope,No,No,yeah,yeah,yes,nah,yep,no,nah,Nope,yep,positive
200,democrat,nah,No,yep,No,no,No,yes,yep,positive,No,negative,nah,no,yeah,yep,yep
201,democrat,Yes,positive,yes,No,negative,no,Yes,positive,yep,negative,no,no,negative,nah,yeah,yep
202,democrat,Yes,no,yes,no,no,yep,yep,yeah,yeah,positive,Yes,negative,negative,negative,positive,yep
203,democrat,Yes,no,positive,negative,No,No,yep,Yes,yeah,positive,nah,negative,Nope,Nope,positive,Yes
204,republican,No,no,yep,yep,positive,yep,positive,no,nah,No,Nope,positive,yeah,yep,negative,positive
205,democrat,no,No,Yes,no,nah,Yes,yep,,yeah,positive,No,yes,no,No,negative,yes
206,republican,nah,no,Nope,positive,Yes,positive,negative,nah,Nope,yeah,Nope,yeah,Nope,yeah,Nope,yeah
207,republican,yes,yes,Nope,Yes,yep,yep,yes,,Nope,yeah,negative,yep,Yes,yes,nah,yep
208,democrat,Nope,nah,yes,no,no,Nope,yeah,positive,yes,no,Nope,nah,No,nah,yeah,Yes
209,democrat,Yes,Yes,positive,Nope,No,no,positive,positive,yep,yeah,positive,no,no,nah,No,yeah
210,democrat,Nope,nah,yes,nah,nah,Yes,yep,yep,positive,nah,no,nah,no,negative,yep,Yes
211,republican,Nope,yes,No,positive,yes,yeah,negative,No,nah,yep,nah,positive,yes,Yes,Nope,Yes
212,democrat,,nah,yeah,No,Nope,No,yep,Yes,positive,Nope,Yes,Nope,Nope,nah,yes,yeah
213,democrat,no,Yes,yes,no,Nope,yeah,no,yeah,yep,no,yep,negative,yeah,No,yep,yes
214,republican,Yes,yep,nah,Yes,Yes,positive,nah,negative,No,yes,negative,yep,Yes,yeah,negative,yeah
215,democrat,nah,yeah,Yes,yeah,yes,yes,No,no,no,Yes,positive,positive,yes,yep,yeah,positive
216,democrat,yeah,Yes,yep,no,Yes,yep,nah,Nope,Yes,yes,nah,No,negative,Yes,yes,yeah
217,republican,nah,Yes,No,yep,positive,yep,negative,Nope,negative,yep,nah,Yes,yes,positive,No,no
218,democrat,yes,yes,yep,nah,Nope,Nope,Yes,yeah,yes,no,Nope,negative,negative,Nope,positive,positive
219,democrat,no,positive,yep,negative,negative,no,no,yes,positive,Nope,yep,nah,no,yep,positive,Yes
220,democrat,nah,no,yep,nah,Nope,no,Yes,Yes,positive,negative,No,negative,No,nah,yeah,Yes
221,democrat,No,yeah,yep,No,positive,yeah,Nope,No,No,nah,yep,negative,negative,negative,positive,Yes
222,democrat,yes,No,Yes,Nope,No,Nope,yes,yep,Yes,No,yeah,nah,no,negative,Yes,yep
223,republican,nah,Nope,nah,yep,yep,No,No,Nope,negative,negative,Nope,yeah,yes,yeah,no,yeah
224,republican,negative,Yes,no,yes,yeah,Yes,negative,no,Nope,Yes,no,no,positive,positive,No,Nope
225,republican,no,Yes,no,yeah,positive,positive,negative,No,Nope,No,nah,yeah,yes,yeah,nah,yeah
226,democrat,negative,negative,yep,No,No,yep,yep,Yes,Yes,no,positive,negative,nah,Yes,yes,yep
227,democrat,yes,nah,Yes,no,negative,No,yes,yes,Yes,no,No,nah,no,no,,yep
228,republican,Nope,yeah,negative,yep,yes,yes,Nope,negative,no,Nope,Nope,positive,yes,positive,Nope,Yes
229,republican,nah,positive,Yes,yep,yes,yep,positive,nah,yep,positive,Nope,yeah,yes,yes,nah,yeah
230,republican,Nope,Yes,no,yes,yes,positive,nah,No,no,No,no,yeah,yes,Yes,No,yep
231,republican,No,yes,no,yep,yeah,positive,nah,No,yep,Yes,negative,yeah,Yes,yeah,No,positive
232,democrat,no,yeah,yeah,negative,Nope,No,yep,yes,negative,negative,Yes,No,No,negative,Yes,yeah
233,republican,No,yep,nah,yep,yeah,positive,no,negative,no,yeah,No,yep,positive,yep,negative,yes
234,democrat,no,nah,yep,Nope,negative,yeah,yep,yeah,positive,yeah,no,yep,nah,yep,Yes,yep
235,republican,negative,No,nah,yep,Yes,yes,negative,negative,nah,Yes,nah,Yes,nah,yes,negative,positive
236,democrat,nah,No,positive,No,Nope,No,yes,positive,Yes,Nope,No,No,negative,negative,positive,yes
237,democrat,yeah,no,yep,nah,No,yep,Yes,Yes,negative,nah,No,positive,yep,No,Nope,yep
238,democrat,yeah,yep,yes,nah,negative,Nope,yes,Yes,positive,yes,negative,negative,negative,negative,positive,yeah
239,republican,no,No,nah,positive,positive,Yes,yep,nah,nah,Yes,Nope,nah,negative,positive,positive,yes
240,republican,nah,Nope,no,yes,negative,Yes,yep,yeah,yep,Nope,negative,yeah,yeah,yes,nah,yes
241,democrat,yeah,Nope,yes,no,nah,negative,yep,positive,yes,positive,yep,Nope,Nope,yes,yes,yeah
242,republican,No,nah,Nope,no,positive,yes,Yes,negative,no,no,Nope,No,negative,yep,yes,yeah
243,democrat,nah,positive,yes,no,No,no,yes,yeah,yes,positive,no,no,yeah,Nope,yep,yep
244,democrat,positive,Nope,positive,nah,negative,No,Nope,yes,Yes,yeah,no,negative,nah,negative,yeah,positive
245,democrat,yep,Nope,Yes,no,negative,no,yeah,yes,yes,yep,yep,negative,negative,No,Yes,Yes
246,democrat,no,No,Yes,No,positive,nah,yep,yep,Yes,negative,no,negative,No,Yes,No,yeah
247,republican,No,yep,negative,Yes,positive,yeah,yep,Nope,Nope,no,nah,No,Yes,yes,no,No
248,republican,negative,positive,yeah,negative,positive,yes,Yes,positive,Yes,,No,nah,positive,yep,nah,yeah
249,democrat,yes,nah,Yes,Nope,Nope,nah,positive,yeah,yeah,nah,yeah,Nope,nah,Nope,yes,yeah
250,republican,Nope,yes,No,yes,Yes,Yes,No,negative,No,negative,no,positive,yeah,yep,negative,No
251,republican,No,yeah,no,yes,positive,positive,no,Nope,No,nah,no,Yes,yes,yes,Nope,Nope
252,democrat,positive,yep,positive,negative,nah,positive,yep,yep,positive,No,no,No,No,,yes,Yes
253,republican,no,yep,no,yes,Yes,Yes,no,nah,No,no,No,Yes,positive,yes,negative,yep
254,democrat,Yes,negative,positive,nah,no,nah,Yes,yep,yes,yes,Nope,Nope,no,Nope,nah,Yes
255,democrat,yep,negative,yep,negative,No,negative,yep,yeah,yeah,yep,negative,No,nah,positive,positive,yeah
256,republican,negative,negative,negative,Yes,yep,negative,No,nah,Nope,No,nah,yeah,no,yes,Nope,nah
257,republican,no,no,No,yep,yes,No,Nope,negative,Nope,Nope,no,yep,negative,Yes,Nope,yes
258,democrat,negative,nah,Yes,Nope,nah,nah,positive,yep,positive,Nope,yep,No,no,Nope,Yes,yes
259,democrat,yeah,negative,yes,No,negative,Nope,positive,yes,yeah,no,Nope,Nope,Nope,no,nah,yep
260,democrat,yes,Nope,Yes,no,nah,negative,yes,yep,Yes,positive,Nope,Nope,Nope,nah,Nope,yeah
261,democrat,Yes,No,Yes,negative,No,positive,Yes,yeah,yep,Nope,Nope,nah,Nope,positive,negative,yep
262,democrat,yes,Nope,Yes,No,no,nah,yeah,yes,yep,yep,Nope,Nope,yes,No,yes,yep
263,democrat,yep,nah,yes,Nope,nah,negative,yeah,yeah,yep,Nope,No,No,No,No,positive,Yes
264,democrat,Yes,negative,yeah,Nope,No,nah,yes,positive,positive,negative,No,negative,negative,Nope,Yes,Yes
265,democrat,Yes,No,yeah,No,Nope,negative,yeah,Yes,yes,positive,nah,no,No,negative,no,yep
266,republican,no,nah,Nope,yeah,yes,yeah,no,nah,no,Yes,No,yeah,no,yes,No,yep
267,republican,yeah,Nope,Nope,nah,Nope,nah,positive,yes,positive,yep,no,nah,negative,yeah,negative,yep
268,democrat,Yes,negative,positive,No,Nope,negative,yep,yes,yeah,nah,nah,Nope,No,no,yep,positive
269,democrat,Yes,No,yes,No,no,no,yep,yep,yeah,nah,nah,nah,nah,no,No,positive
270,democrat,Yes,yeah,positive,No,nah,nah,positive,positive,Yes,no,No,Nope,Nope,negative,yeah,yes
271,democrat,Nope,yes,Yes,Nope,Nope,yep,yes,positive,yeah,Nope,negative,No,nah,Nope,nah,yes
272,democrat,yes,Nope,yeah,No,negative,No,positive,Yes,yeah,Yes,nah,negative,No,negative,yes,positive
273,republican,No,no,negative,positive,yep,Nope,positive,yep,Nope,yep,nah,yes,yep,yes,No,yes
274,republican,yes,No,Nope,yes,Yes,no,Yes,nah,no,yep,no,No,Nope,yes,,yep
275,democrat,No,no,yep,Nope,yeah,yep,Nope,nah,negative,No,nah,No,yeah,positive,negative,nah
276,republican,Nope,No,No,Yes,yeah,positive,Nope,Nope,No,No,nah,yeah,positive,yeah,positive,nah
277,republican,no,no,yes,yeah,Yes,yep,yes,yes,no,positive,no,no,No,positive,Nope,positive
278,republican,Nope,nah,negative,positive,Yes,yep,No,nah,negative,Nope,nah,yes,yeah,yep,Nope,yep
279,republican,Nope,negative,no,yep,Yes,yes,no,no,negative,yep,No,yes,yeah,yep,no,No
280,democrat,,no,positive,No,nah,no,yeah,,yep,yes,nah,no,no,yep,no,yeah
281,republican,Yes,no,Yes,Yes,Yes,yep,positive,yes,No,no,No,nah,nah,yeah,negative,yeah
282,republican,positive,no,no,positive,yep,yeah,Nope,nah,nah,positive,Nope,negative,yes,yep,negative,nah
283,republican,Nope,No,No,positive,Yes,yes,No,nah,nah,No,nah,yeah,positive,positive,No,positive
284,democrat,nah,nah,yes,no,negative,yes,positive,yeah,yep,Yes,Yes,negative,No,,negative,yes
285,democrat,No,No,positive,Nope,No,yes,yep,Yes,positive,yep,Yes,nah,nah,Nope,yep,yep
286,democrat,nah,nah,yes,negative,no,yes,positive,yep,yeah,,yep,yes,negative,yep,Yes,positive
287,democrat,yeah,positive,yes,no,negative,yep,yes,yes,yes,no,Yes,Nope,yeah,Nope,negative,yes
288,democrat,yeah,positive,yeah,negative,positive,yeah,nah,yeah,no,Yes,yes,Nope,Yes,yeah,yep,Yes
289,democrat,yeah,yep,yeah,Nope,yep,Yes,Nope,Yes,negative,yep,yep,No,yes,yep,nah,Yes
290,democrat,yeah,Nope,Yes,negative,positive,Yes,positive,yes,yep,yeah,No,nah,positive,Yes,Nope,yeah
291,democrat,Yes,Nope,yep,no,Nope,positive,yeah,positive,Yes,yes,negative,no,No,yep,no,yeah
292,democrat,yeah,nah,positive,nah,No,yes,yes,yep,nah,yeah,yep,nah,Yes,positive,positive,yep
293,democrat,yes,yes,yes,negative,nah,yep,Yes,yeah,yep,Yes,yep,No,Yes,Yes,yep,yes
294,democrat,Nope,yes,yeah,negative,negative,yes,yes,yeah,negative,yep,yeah,nah,yep,positive,Nope,Yes
295,republican,no,Yes,nah,yeah,positive,yes,yeah,Yes,No,yes,no,yes,Yes,yep,No,yeah
296,republican,No,no,yeah,positive,yeah,yep,No,Nope,no,Yes,No,Yes,positive,yep,Yes,yep
297,democrat,yes,positive,yep,Nope,Nope,yep,Yes,Yes,yes,Yes,no,Nope,yes,no,yes,yep
298,democrat,no,yep,No,No,negative,negative,yep,yep,yep,Yes,yes,Nope,no,negative,yes,Yes
299,democrat,Nope,yeah,Yes,negative,Nope,yes,yep,,yeah,yep,negative,negative,positive,yep,yeah,yep
300,republican,Nope,Nope,no,yep,yes,negative,yes,Yes,Yes,,Nope,Yes,yep,yeah,negative,yeah
301,democrat,nah,no,Yes,Nope,negative,yep,yep,positive,yep,Nope,negative,negative,negative,Nope,yeah,yep
302,republican,Nope,nah,negative,positive,yeah,yes,positive,no,nah,positive,negative,yeah,positive,yep,No,yep
303,republican,nah,negative,negative,yeah,positive,yeah,No,Nope,negative,Nope,no,yep,yes,yes,nah,Nope
304,republican,no,positive,nah,yeah,positive,Yes,no,Nope,no,yeah,No,positive,yep,Yes,No,yes
305,republican,nah,nah,nah,yep,yes,positive,No,negative,negative,yes,No,Yes,yeah,Yes,no,negative
306,republican,No,No,negative,yep,positive,positive,Nope,no,Nope,no,no,Yes,yep,yep,nah,Nope
307,democrat,yep,Nope,yes,negative,negative,Yes,yep,yep,yes,nah,negative,no,no,Yes,nah,positive
308,republican,No,nah,nah,Yes,yep,yeah,negative,no,Nope,Yes,no,yeah,yes,positive,no,no
309,democrat,yep,Nope,negative,No,negative,yes,Yes,yes,Yes,yeah,nah,Nope,nah,Yes,positive,yeah
310,republican,no,negative,negative,Yes,yep,yeah,nah,nah,negative,positive,no,yes,positive,yeah,Yes,nah
311,democrat,No,no,yeah,negative,Nope,Yes,Yes,positive,yeah,Yes,negative,No,yep,negative,No,positive
312,democrat,Yes,positive,yep,No,No,Nope,positive,positive,yes,positive,negative,Nope,no,nah,positive,yep
313,republican,Nope,yeah,yes,positive,Yes,positive,nah,no,Nope,yeah,No,yeah,positive,yes,negative,positive
314,republican,negative,yeah,no,yes,yes,Yes,yeah,yes,negative,negative,yes,Yes,yes,yes,yeah,yes
315,republican,No,yes,yep,yes,yep,yep,positive,,negative,nah,Nope,no,yeah,positive,yeah,yep
316,democrat,no,no,nah,no,negative,yeah,negative,yes,yeah,No,positive,yeah,positive,yeah,yes,Nope
317,democrat,Yes,no,Nope,No,Nope,Nope,yep,Yes,Yes,yep,nah,nah,Nope,nah,yep,yep
318,democrat,,Nope,yeah,Nope,no,negative,yep,yeah,yep,nah,No,Nope,nah,no,yeah,yes
319,democrat,yep,Nope,Yes,No,No,nah,yep,positive,positive,no,No,Nope,negative,Nope,yep,yep
320,democrat,negative,positive,positive,no,nah,yep,No,Yes,Yes,positive,Nope,Nope,yes,yes,no,yes
321,democrat,positive,yes,yeah,,Nope,negative,yep,positive,yes,yeah,negative,Nope,yep,negative,nah,yeah
322,democrat,yeah,Yes,yeah,No,yes,yes,No,Yes,no,no,Yes,negative,Yes,positive,No,Yes
323,democrat,yes,yeah,yeah,No,yeah,Yes,Nope,yeah,Yes,yeah,No,no,yes,yeah,Nope,positive
324,republican,negative,yeah,negative,yeah,Yes,yep,nah,negative,no,nah,yep,yep,yep,positive,negative,Nope
325,democrat,nah,positive,no,negative,positive,yes,Nope,Nope,Yes,No,no,yeah,yeah,yep,nah,yeah
326,democrat,positive,yes,negative,positive,No,Nope,positive,positive,yes,Nope,yep,No,negative,yeah,No,yeah
327,republican,nah,positive,nah,yeah,positive,Yes,Nope,negative,No,nah,no,Yes,yes,yeah,No,yes
328,democrat,yes,yes,positive,nah,no,No,Yes,yep,yes,negative,positive,negative,nah,no,Nope,yeah
329,democrat,Yes,positive,positive,no,negative,positive,positive,positive,Yes,Yes,No,no,negative,nah,yep,yeah
330,republican,no,yep,nah,Yes,yep,positive,no,no,no,yep,No,yes,yes,positive,no,No
331,democrat,positive,yes,positive,Nope,No,Nope,Yes,yes,yep,Nope,Nope,negative,Nope,No,yep,yes
332,democrat,,No,positive,negative,nah,nah,yep,positive,yeah,negative,positive,no,nah,No,,yes
333,democrat,No,Nope,Yes,Nope,no,No,yep,positive,yes,nah,No,No,nah,negative,yep,Yes
334,democrat,nah,yeah,positive,No,no,yes,Yes,yep,yes,Nope,positive,Yes,nah,No,yes,yeah
335,republican,negative,No,nah,positive,yep,yeah,No,negative,No,,positive,yeah,yep,yeah,Nope,yes
336,democrat,No,nah,Yes,No,no,positive,yep,yes,no,Nope,Yes,nah,No,yes,no,Yes
337,democrat,yep,No,positive,no,no,nah,Yes,Yes,positive,No,nah,Nope,nah,negative,yep,yeah
338,democrat,yes,negative,yep,negative,no,no,yeah,yeah,yeah,yep,negative,nah,nah,yep,yeah,yep
339,republican,positive,No,nah,yeah,yep,Yes,negative,nah,Nope,Nope,positive,Yes,yeah,,Nope,no
340,republican,no,negative,no,Yes,positive,positive,negative,No,Nope,positive,yes,yep,nah,Yes,No,positive
341,democrat,no,yeah,yep,negative,No,positive,yeah,Yes,positive,Yes,Yes,No,Yes,yes,yes,positive
342,democrat,negative,positive,Yes,nah,yeah,yes,yes,Nope,Nope,positive,Yes,No,yep,no,yep,Yes
343,republican,no,no,no,yeah,positive,nah,yeah,no,yeah,yep,No,nah,No,yes,no,positive
344,democrat,nah,nah,positive,nah,no,nah,Yes,yeah,yes,yep,yeah,no,No,Nope,yeah,yep
345,republican,nah,nah,nah,Yes,positive,yep,yes,No,nah,yes,Nope,yep,nah,yes,positive,yeah
346,republican,No,no,negative,positive,yeah,Yes,No,nah,negative,yep,No,yes,yes,yeah,negative,yes
347,republican,Yes,nah,negative,yes,positive,yep,nah,Nope,nah,Yes,no,positive,positive,positive,no,Nope
348,democrat,positive,no,yeah,Nope,no,nah,Yes,yes,Yes,yep,nah,yeah,nah,No,yep,Yes
349,republican,No,yeah,yes,Yes,yes,yeah,yeah,yes,yeah,negative,negative,yep,Yes,yeah,No,yep
350,democrat,nah,yeah,negative,no,Nope,positive,positive,no,yep,no,Yes,Nope,no,no,yes,yep
351,republican,,Nope,yeah,yep,yes,yes,positive,Yes,yes,positive,Nope,yes,yeah,Yes,positive,positive
352,democrat,no,yes,no,yep,No,yep,yeah,yes,Yes,nah,Yes,No,yep,Nope,yep,positive
353,republican,negative,No,yes,Yes,Yes,yeah,Yes,negative,nah,yeah,Yes,yeah,positive,Yes,no,yes
354,democrat,nah,positive,Yes,negative,nah,yes,Yes,Yes,yes,positive,nah,nah,Nope,Nope,yep,yeah
355,republican,yep,nah,positive,positive,No,negative,No,yes,yes,positive,no,No,nah,yeah,positive,yeah
356,republican,no,negative,Nope,yep,Yes,yep,negative,negative,negative,no,negative,yeah,Yes,yes,nah,Nope
357,republican,nah,nah,no,Yes,positive,yep,No,Nope,No,no,negative,yes,yep,Yes,No,negative
358,democrat,yeah,yep,positive,nah,Nope,yep,Yes,Yes,positive,yep,yeah,positive,yes,yep,No,Yes
359,republican,no,No,negative,Yes,yep,yes,negative,no,nah,yes,No,yep,yep,positive,Nope,yeah
360,democrat,yes,nah,yep,negative,Nope,yep,Yes,yep,Yes,yes,Nope,Nope,yeah,no,negative,positive
361,democrat,yep,nah,Yes,no,yep,Yes,yep,negative,positive,yes,negative,No,yeah,Yes,Nope,yep
362,democrat,Yes,yep,yeah,negative,negative,positive,yeah,yes,yep,positive,Yes,yeah,positive,no,no,Yes
363,republican,yep,,no,positive,Yes,yes,nah,nah,negative,Yes,yes,no,yes,negative,nah,nah
364,republican,positive,yep,negative,yep,yeah,positive,No,no,No,No,yep,Nope,Yes,yeah,Nope,positive
365,democrat,nah,yep,negative,no,yep,Yes,Nope,nah,negative,yeah,yep,nah,yep,yep,Nope,no
366,democrat,yes,No,yeah,No,no,Nope,positive,positive,no,positive,yeah,no,Nope,No,nah,Yes
367,democrat,yeah,yeah,positive,nah,yep,yes,yes,yeah,negative,positive,yeah,No,No,Nope,positive,yeah
368,democrat,no,yep,yep,Nope,nah,yes,yep,Yes,no,positive,Nope,no,Nope,No,yep,yeah
369,republican,Nope,positive,No,positive,Yes,positive,negative,,negative,Nope,Nope,nah,yes,yep,Nope,yes
370,democrat,yeah,yes,yeah,No,positive,yes,yep,yep,nah,positive,No,no,Nope,Nope,yep,positive
371,democrat,yeah,positive,yeah,No,yeah,negative,yes,yep,Yes,yes,nah,negative,No,no,yes,yep
372,democrat,No,Yes,positive,yeah,yep,positive,No,No,Nope,no,yes,Yes,yes,yes,no,negative
373,democrat,no,yep,Yes,,positive,yep,Nope,Yes,nah,yep,negative,nah,yes,Yes,Nope,yeah
374,republican,nah,positive,nah,positive,positive,yep,negative,nah,nah,Nope,nah,yes,yes,positive,Nope,yep
375,democrat,No,positive,Nope,yep,Yes,yep,no,nah,nah,No,yep,Yes,negative,yep,No,no
376,democrat,Yes,positive,yeah,nah,no,nah,yep,yeah,Yes,,positive,nah,negative,nah,yeah,yeah
377,republican,No,yes,no,Yes,positive,yep,yeah,Yes,Nope,no,nah,negative,yep,yep,No,yep
378,republican,negative,Nope,negative,positive,yeah,positive,Nope,nah,no,nah,negative,yeah,Yes,positive,no,yeah
379,republican,nah,Nope,nah,positive,yep,positive,Nope,nah,no,negative,negative,yeah,yep,positive,nah,positive
380,democrat,yep,positive,yeah,No,negative,Yes,Yes,positive,positive,Nope,yes,Nope,yep,negative,yeah,yeah
381,democrat,yes,positive,yep,No,yeah,yep,positive,positive,Yes,positive,Yes,negative,positive,yep,no,positive
382,democrat,Yes,yep,No,yes,yep,Yes,negative,no,no,nah,positive,No,positive,yeah,No,yeah
383,democrat,positive,yeah,yes,no,positive,Yes,no,yes,positive,positive,Yes,No,No,negative,Nope,yeah
384,democrat,yes,yep,yep,Yes,yes,yes,no,Nope,nah,Nope,Yes,positive,yeah,positive,nah,Yes
385,democrat,yes,yes,nah,no,positive,positive,No,No,Nope,nah,yes,yep,positive,yes,positive,Nope
386,democrat,no,Yes,yep,negative,yep,yeah,nah,positive,negative,Nope,yep,Nope,negative,no,No,yep
387,democrat,positive,yep,yes,negative,yeah,Yes,negative,yes,positive,negative,yeah,nah,no,Yes,no,yes
388,democrat,negative,yes,Yes,yeah,yep,positive,nah,nah,nah,Nope,No,yeah,yeah,yep,No,yep
389,democrat,yeah,nah,yes,Nope,No,no,yep,yeah,positive,positive,yeah,no,nah,Nope,yeah,positive
390,democrat,No,yep,no,Nope,Yes,yeah,yep,no,No,no,yeah,yep,No,yes,negative,yep
391,democrat,,positive,Nope,nah,nah,negative,nah,yep,positive,negative,yep,negative,nah,negative,yes,No
392,republican,,Yes,No,yes,yes,yes,nah,No,nah,nah,yeah,Yes,positive,yep,nah,yes
393,republican,nah,yeah,Yes,Nope,no,yeah,negative,yes,yep,no,Nope,yeah,yes,nah,nah,positive
394,democrat,Yes,positive,yes,no,Yes,yep,negative,no,Nope,no,yeah,nah,positive,Nope,,yeah
395,democrat,positive,Yes,yeah,nah,Nope,negative,negative,Yes,no,no,yep,nah,negative,No,yeah,positive
396,democrat,Yes,yep,yeah,no,yes,yeah,No,yes,nah,nah,positive,nah,yeah,negative,yes,positive
397,democrat,yep,Yes,no,negative,yep,yeah,no,nah,nah,Nope,yep,negative,yes,yeah,nah,Yes
398,democrat,no,yes,yes,nah,yep,Yes,nah,yes,No,Nope,nah,nah,negative,Nope,Nope,yeah
399,republican,No,Yes,Nope,Yes,positive,yep,Nope,no,nah,yeah,No,yeah,yep,positive,No,No
400,republican,negative,yeah,Nope,Yes,yes,positive,no,yep,nah,,Nope,negative,yeah,yep,nah,yep
401,republican,Nope,yes,negative,positive,positive,Yes,No,no,no,yes,Yes,Yes,positive,,no,Nope
402,republican,negative,negative,yeah,yes,nah,positive,positive,yep,yeah,yeah,negative,yep,Nope,yeah,Nope,yes
403,republican,no,yes,nah,Yes,yes,Yes,negative,Nope,nah,yep,no,yep,yep,yep,nah,Nope
404,republican,yes,yep,No,positive,yes,yep,no,no,negative,positive,No,yep,yeah,positive,no,positive
405,republican,no,nah,negative,Yes,yes,positive,negative,No,nah,Nope,no,positive,yeah,yeah,No,yep
406,democrat,yeah,negative,Yes,negative,positive,Yes,No,No,yep,Yes,no,negative,Yes,yeah,no,yes
407,democrat,negative,No,nah,yep,yeah,positive,No,No,Nope,negative,Yes,yes,positive,yes,no,negative
408,democrat,yeah,Nope,yep,Nope,Nope,positive,positive,yes,yes,negative,Nope,yep,yes,yeah,yep,positive
409,republican,nah,no,nah,yep,yeah,Yes,no,No,no,no,negative,yes,positive,positive,nah,nah
410,republican,No,negative,No,Yes,yes,Yes,nah,no,No,No,yes,yeah,positive,,no,yeah
411,democrat,yep,nah,yes,no,negative,Yes,positive,yep,yes,yep,yes,Nope,negative,nah,No,yes
412,republican,nah,no,Nope,yes,Yes,positive,no,negative,no,positive,negative,Yes,yes,yep,negative,yep
413,republican,positive,positive,yes,yep,yeah,Yes,Yes,positive,negative,yeah,nah,No,yeah,yeah,negative,yes
414,democrat,positive,yep,yes,negative,negative,no,yes,yeah,yeah,nah,Nope,Nope,nah,negative,negative,yeah
415,democrat,nah,Yes,Yes,Nope,No,Yes,Yes,yeah,yeah,positive,negative,No,nah,No,No,yep
416,republican,yes,yes,No,yeah,yeah,yep,no,nah,negative,yes,No,no,positive,positive,no,yeah
417,democrat,positive,yep,positive,negative,No,nah,Yes,positive,yes,Yes,yep,nah,yep,nah,Nope,yes
418,democrat,yeah,yeah,Yes,no,Nope,no,yep,Yes,negative,yeah,no,nah,nah,nah,No,positive
419,democrat,Yes,yep,yeah,No,No,No,Yes,,yes,nah,nah,negative,nah,No,Nope,yes
420,republican,yeah,positive,yeah,yep,Yes,yep,yep,Yes,Nope,yeah,nah,nah,yeah,positive,no,yep
421,democrat,Nope,yeah,yes,negative,Yes,yep,Yes,Yes,negative,Nope,Yes,nah,yep,negative,yes,positive
422,democrat,negative,negative,yep,No,no,Yes,yeah,Yes,yes,No,positive,nah,negative,no,yeah,Yes
423,democrat,no,positive,yeah,negative,nah,yep,yep,yes,yes,negative,yep,negative,Nope,Yes,yeah,yeah
424,democrat,negative,yeah,yep,Nope,Nope,Yes,yep,yeah,yes,yes,yeah,Nope,yep,yeah,positive,yeah
425,democrat,no,Nope,yeah,No,nah,nah,Yes,positive,No,yeah,yes,nah,no,No,yep,Yes
426,democrat,positive,Nope,positive,,negative,Nope,yep,,yeah,yep,Nope,no,nah,Nope,positive,Yes
427,republican,nah,Nope,nah,yep,positive,yes,yep,positive,No,Yes,no,yeah,yes,yep,Nope,yep
428,democrat,negative,yeah,Yes,nah,negative,Nope,yeah,positive,positive,Yes,No,negative,yes,no,Yes,Yes
429,democrat,yes,nah,Yes,Nope,yeah,no,yes,positive,yep,yep,Nope,yes,Nope,yep,yeah,Yes
430,republican,no,No,Yes,Yes,positive,yes,No,Nope,Yes,positive,No,yep,yes,yes,Nope,yep
431,democrat,negative,No,yes,no,No,no,yep,Yes,Yes,yep,No,Nope,No,no,no,Yes
432,republican,Nope,yeah,nah,positive,positive,positive,nah,No,Nope,,yep,yep,yep,yeah,No,yeah
433,republican,no,No,Nope,positive,yes,yes,yes,yes,yes,yes,No,yeah,yeah,Yes,negative,yeah
434,republican,negative,yeah,Nope,yep,yep,yep,Nope,no,no,yep,negative,yes,Yes,yep,negative,No
